product_id,product_category_name,month_year,qty,total_price,freight_price,unit_price,product_name_lenght,product_description_lenght,product_photos_qty,product_weight_g,product_score,customers
bed1,bed_bath_table,01-05-2017,1,45.95,15.1,45.95,39,161,2,350,4,57
bed1,bed_bath_table,01-06-2017,3,137.85,12.93333333,45.95,39,161,2,350,4,61
bed1,bed_bath_table,01-07-2017,6,275.7,14.84,45.95,39,161,2,350,4,123
bed1,bed_bath_table,01-08-2017,4,183.8,14.2875,45.95,39,161,2,350,4,90
bed1,bed_bath_table,01-09-2017,2,91.9,15.1,45.95,39,161,2,350,4,54
bed1,bed_bath_table,01-10-2017,3,137.85,15.1,45.95,39,161,2,350,4,50
bed1,bed_bath_table,01-11-2017,11,445.85,15.83272727,40.53181818,39,161,2,350,4,97
bed1,bed_bath_table,01-12-2017,6,239.94,15.23,39.99,39,161,2,350,4,41
bed1,bed_bath_table,01-01-2018,19,759.81,16.53368421,39.99,39,161,2,350,4,62
bed1,bed_bath_table,01-02-2018,18,719.82,13.74944444,39.99,39,161,2,350,4,62
bed1,bed_bath_table,01-03-2018,17,679.83,16.46235294,39.99,39,161,2,350,4,43
bed1,bed_bath_table,01-04-2018,13,519.87,14.23615385,39.99,39,161,2,350,4,34
bed1,bed_bath_table,01-05-2018,19,759.81,10.25631579,39.99,39,161,2,350,4,57
bed1,bed_bath_table,01-06-2018,5,199.95,13.998,39.99,39,161,2,350,4,43
bed1,bed_bath_table,01-07-2018,8,319.92,20.4175,39.99,39,161,2,350,4,26
bed1,bed_bath_table,01-08-2018,8,313.92,16.33375,39.24,39,161,2,350,4,15
garden5,garden_tools,01-03-2017,6,419.4,32.68,69.9,36,450,1,9000,4.1,21
garden5,garden_tools,01-04-2017,3,247.9,34.21666667,82.63333333,36,450,1,9000,4.1,17
garden5,garden_tools,01-05-2017,20,1956,39.8975,97.58823529,36,450,1,9000,4.1,34
garden5,garden_tools,01-06-2017,8,712,40.80125,89,36,450,1,9000,4.1,26
garden5,garden_tools,01-07-2017,10,890,39.156,89,36,450,1,9000,4.1,74
garden5,garden_tools,01-08-2017,7,683,39.5,97.33333333,36,450,1,9000,4.1,113
garden5,garden_tools,01-09-2017,9,891,39.01888889,99,36,450,1,9000,4.1,115
garden5,garden_tools,01-10-2017,14,1386,45.77642857,99,36,450,1,9000,4.1,146
garden5,garden_tools,01-11-2017,17,1683,32.86352941,99,36,450,1,9000,4.1,339
garden5,garden_tools,01-12-2017,11,1089,38.05545455,99,36,450,1,9000,4.1,184
garden5,garden_tools,01-01-2018,4,398,41.54,99.5,36,450,1,9000,4.1,137
garden5,garden_tools,01-02-2018,2,202,43.555,101,36,450,1,9000,4.1,160
garden5,garden_tools,01-03-2018,1,101,67.02,101,36,450,1,9000,4.1,116
garden5,garden_tools,01-04-2018,1,101,79.76,101,36,450,1,9000,4.1,111
consoles1,consoles_games,01-07-2017,13,258.7,13.47307692,19.9,49,100,4,150,4.2,13
consoles1,consoles_games,01-08-2017,24,477.6,16.16375,19.9,49,100,4,150,4.2,33
consoles1,consoles_games,01-09-2017,9,179.1,16.13333333,19.9,49,100,4,150,4.2,17
consoles1,consoles_games,01-10-2017,28,603.2,13.53428571,21.54285714,49,100,4,150,4.2,38
consoles1,consoles_games,01-11-2017,28,686,13.64535714,24.5,49,100,4,150,4.2,49
consoles1,consoles_games,01-12-2017,16,392,12.87375,24.5,49,100,4,150,4.2,30
consoles1,consoles_games,01-02-2018,5,162.5,15.256,32.5,49,100,4,150,4.2,6
consoles1,consoles_games,01-03-2018,6,195,18.05666667,32.5,49,100,4,150,4.2,13
consoles1,consoles_games,01-04-2018,7,245.4,12.98571429,35.05714286,49,100,4,150,4.2,13
consoles1,consoles_games,01-05-2018,3,108.6,15.87,36.2,49,100,4,150,4.2,3
consoles1,consoles_games,01-06-2018,2,72.4,18.35,36.2,49,100,4,150,4.2,2
consoles1,consoles_games,01-07-2018,1,36.2,22.18,36.2,49,100,4,150,4.2,1
garden7,garden_tools,01-04-2017,1,59.9,17.16,59.9,57,339,2,1800,4.2,17
garden7,garden_tools,01-05-2017,1,59.9,13.44,59.9,57,339,2,1800,4.2,34
garden7,garden_tools,01-07-2017,4,239.6,17.67,59.9,57,339,2,1800,4.2,74
garden7,garden_tools,01-08-2017,6,359.4,16.26,59.9,57,339,2,1800,4.2,113
garden7,garden_tools,01-09-2017,5,299.5,16.782,59.9,57,339,2,1800,4.2,115
garden7,garden_tools,01-10-2017,11,658.9,14.80727273,59.9,57,339,2,1800,4.2,146
garden7,garden_tools,01-11-2017,20,1043.6,16.016,51.32222222,57,339,2,1800,4.2,339
garden7,garden_tools,01-12-2017,10,571.8,18.103,56.97777778,57,339,2,1800,4.2,184
garden7,garden_tools,01-01-2018,11,548.9,21.98272727,49.9,57,339,2,1800,4.2,137
garden7,garden_tools,01-02-2018,8,411.2,14.08375,51.4,57,339,2,1800,4.2,160
garden7,garden_tools,01-03-2018,3,161.7,21.35,53.9,57,339,2,1800,4.2,116
garden7,garden_tools,01-04-2018,8,431.2,19.56375,53.9,57,339,2,1800,4.2,111
garden7,garden_tools,01-05-2018,9,477.1,16.46,52.9,57,339,2,1800,4.2,102
garden7,garden_tools,01-06-2018,5,249.5,23.122,49.9,57,339,2,1800,4.2,58
garden7,garden_tools,01-07-2018,6,299.4,20.99,49.9,57,339,2,1800,4.2,54
garden7,garden_tools,01-08-2018,7,349.3,24.48142857,49.9,57,339,2,1800,4.2,46
health9,health_beauty,01-02-2017,11,219.89,11.75090909,19.99,48,575,1,100,4.3,19
health9,health_beauty,01-03-2017,9,179.91,13.81888889,19.99,48,575,1,100,4.3,25
health9,health_beauty,01-04-2017,13,259.87,18.03846154,19.99,48,575,1,100,4.3,23
health9,health_beauty,01-05-2017,16,319.84,14.8475,19.99,48,575,1,100,4.3,41
health9,health_beauty,01-06-2017,21,419.79,12.68333333,19.99,48,575,1,100,4.3,53
health9,health_beauty,01-07-2017,29,579.71,11.13517241,19.99,48,575,1,100,4.3,61
health9,health_beauty,01-08-2017,28,651.72,14.27678571,23.39740741,48,575,1,100,4.3,82
health9,health_beauty,01-09-2017,24,575.76,16.12,23.99,48,575,1,100,4.3,89
health9,health_beauty,01-10-2017,27,647.73,13.13666667,23.99,48,575,1,100,4.3,81
health9,health_beauty,01-11-2017,28,671.72,12.37535714,23.99,48,575,1,100,4.3,139
health9,health_beauty,01-12-2017,19,455.81,12.45684211,23.99,48,575,1,100,4.3,112
health9,health_beauty,01-01-2018,19,455.81,11.28736842,23.99,48,575,1,100,4.3,98
health9,health_beauty,01-02-2018,14,335.86,12.55,23.99,48,575,1,100,4.3,126
health9,health_beauty,01-03-2018,8,191.92,14.19875,23.99,48,575,1,100,4.3,169
health9,health_beauty,01-05-2018,7,167.93,7.988571429,23.99,48,575,1,100,4.3,159
health9,health_beauty,01-06-2018,3,71.97,16.27,23.99,48,575,1,100,4.3,131
health9,health_beauty,01-07-2018,3,71.97,18.81,23.99,48,575,1,100,4.3,113
health9,health_beauty,01-08-2018,2,47.98,16.77,23.99,48,575,1,100,4.3,127
cool4,cool_stuff,01-07-2017,1,134.99,15.7,134.99,40,1456,1,2425,3.8,42
cool4,cool_stuff,01-08-2017,1,134.99,15.7,134.99,40,1456,1,2425,3.8,39
cool4,cool_stuff,01-10-2017,12,1763.88,18.755,146.99,40,1456,1,2425,3.8,33
cool4,cool_stuff,01-11-2017,27,4248.73,20.83703704,157.3603704,40,1456,1,2425,3.8,42
cool4,cool_stuff,01-12-2017,29,4842.71,24.47137931,166.99,40,1456,1,2425,3.8,38
cool4,cool_stuff,01-01-2018,13,2170.87,25.28615385,166.99,40,1456,1,2425,3.8,102
cool4,cool_stuff,01-02-2018,8,1415.92,22.87625,176.99,40,1456,1,2425,3.8,20
cool4,cool_stuff,01-03-2018,11,1911.89,23.95454545,173.8081818,40,1456,1,2425,3.8,45
cool4,cool_stuff,01-04-2018,6,1019.94,24.87833333,169.99,40,1456,1,2425,3.8,18
health3,health_beauty,01-01-2018,1,110.99,44.63,110.99,50,1257,1,700,4.1,98
health3,health_beauty,01-02-2018,2,221.98,20.55,110.99,50,1257,1,700,4.1,126
health3,health_beauty,01-03-2018,9,998.91,38.19222222,110.99,50,1257,1,700,4.1,169
health3,health_beauty,01-04-2018,13,1514.87,37.09153846,116.5284615,50,1257,1,700,4.1,118
health3,health_beauty,01-05-2018,23,2759.77,31.5826087,119.99,50,1257,1,700,4.1,159
health3,health_beauty,01-06-2018,43,5288.57,35.51837209,122.99,50,1257,1,700,4.1,131
health3,health_beauty,01-07-2018,33,4058.67,33.01,122.99,50,1257,1,700,4.1,113
health3,health_beauty,01-08-2018,32,3935.68,36.941875,122.99,50,1257,1,700,4.1,127
perfumery1,perfumery,01-06-2017,4,227.96,18.4525,56.99,54,1536,2,250,4.3,4
perfumery1,perfumery,01-07-2017,7,398.93,11.75,56.99,54,1536,2,250,4.3,7
perfumery1,perfumery,01-08-2017,7,398.93,13.58857143,56.99,54,1536,2,250,4.3,8
perfumery1,perfumery,01-09-2017,17,968.83,13.74117647,56.99,54,1536,2,250,4.3,18
perfumery1,perfumery,01-10-2017,17,968.83,12.29294118,56.99,54,1536,2,250,4.3,19
perfumery1,perfumery,01-11-2017,20,1139.8,12.714,56.99,54,1536,2,250,4.3,27
perfumery1,perfumery,01-12-2017,24,1367.76,13.82,56.99,54,1536,2,250,4.3,34
perfumery1,perfumery,01-01-2018,10,569.9,12.215,56.99,54,1536,2,250,4.3,15
perfumery1,perfumery,01-02-2018,4,227.96,14.5575,56.99,54,1536,2,250,4.3,12
perfumery1,perfumery,01-03-2018,14,706.86,15.19642857,50.49,54,1536,2,250,4.3,18
perfumery1,perfumery,01-04-2018,2,99.98,13.665,49.99,54,1536,2,250,4.3,10
perfumery1,perfumery,01-07-2018,8,399.92,12.5225,49.99,54,1536,2,250,4.3,13
perfumery1,perfumery,01-08-2018,4,199.96,12.28,49.99,54,1536,2,250,4.3,19
cool5,cool_stuff,01-04-2017,2,199.98,21.17,99.99,54,995,1,4475,4.3,33
cool5,cool_stuff,01-05-2017,18,1799.82,15.57722222,99.99,54,995,1,4475,4.3,58
cool5,cool_stuff,01-06-2017,11,1099.89,20.49090909,99.99,54,995,1,4475,4.3,42
cool5,cool_stuff,01-07-2017,14,1399.86,19.91214286,99.99,54,995,1,4475,4.3,42
cool5,cool_stuff,01-08-2017,8,799.92,18.22875,99.99,54,995,1,4475,4.3,39
cool5,cool_stuff,01-09-2017,6,599.94,17.78166667,99.99,54,995,1,4475,4.3,10
cool5,cool_stuff,01-10-2017,9,899.91,18.51888889,99.99,54,995,1,4475,4.3,33
cool5,cool_stuff,01-11-2017,2,199.98,17.45,99.99,54,995,1,4475,4.3,42
cool5,cool_stuff,01-12-2017,3,299.97,17.95,99.99,54,995,1,4475,4.3,38
cool5,cool_stuff,01-01-2018,6,599.94,15.90166667,99.99,54,995,1,4475,4.3,102
cool5,cool_stuff,01-02-2018,9,899.91,19.08111111,99.99,54,995,1,4475,4.3,20
cool5,cool_stuff,01-03-2018,5,489.76,17.592,97.952,54,995,1,4475,4.3,45
cool5,cool_stuff,01-04-2018,4,338.77,18.195,84.6925,54,995,1,4475,4.3,18
health8,health_beauty,01-03-2017,6,539.94,13.02,89.99,59,492,3,250,4.1,25
health8,health_beauty,01-05-2017,6,539.94,16.09833333,89.99,59,492,3,250,4.1,41
health8,health_beauty,01-06-2017,9,809.91,14.16333333,89.99,59,492,3,250,4.1,53
health8,health_beauty,01-07-2017,17,1529.83,12.11882353,89.99,59,492,3,250,4.1,61
health8,health_beauty,01-08-2017,18,1619.82,13.41055556,89.99,59,492,3,250,4.1,82
health8,health_beauty,01-09-2017,21,1889.79,13.96428571,89.99,59,492,3,250,4.1,89
health8,health_beauty,01-10-2017,24,2159.76,16.56291667,89.99,59,492,3,250,4.1,81
health8,health_beauty,01-11-2017,26,2339.74,16.99038462,89.99,59,492,3,250,4.1,139
health8,health_beauty,01-12-2017,19,1709.81,15.89473684,89.99,59,492,3,250,4.1,112
health8,health_beauty,01-01-2018,20,1799.8,14.811,89.99,59,492,3,250,4.1,98
health8,health_beauty,01-02-2018,17,1529.83,16.30764706,89.99,59,492,3,250,4.1,126
health8,health_beauty,01-03-2018,16,1339.84,11.876875,83.74,59,492,3,250,4.1,169
health8,health_beauty,01-04-2018,14,1119.86,14.485,79.99,59,492,3,250,4.1,118
health8,health_beauty,01-05-2018,16,1279.84,21.943125,79.99,59,492,3,250,4.1,159
health8,health_beauty,01-06-2018,13,1039.87,13.36230769,79.99,59,492,3,250,4.1,131
health8,health_beauty,01-07-2018,10,799.9,16.745,79.99,59,492,3,250,4.1,113
health8,health_beauty,01-08-2018,7,579.75,12.41857143,82.82142857,59,492,3,250,4.1,127
garden4,garden_tools,01-07-2017,13,778.7,15.39230769,59.9,57,366,2,1650,4.1,74
garden4,garden_tools,01-08-2017,23,1377.7,18.05043478,59.9,57,366,2,1650,4.1,113
garden4,garden_tools,01-09-2017,13,778.7,16.29461538,59.9,57,366,2,1650,4.1,115
garden4,garden_tools,01-10-2017,36,2156.4,16.81416667,59.9,57,366,2,1650,4.1,146
garden4,garden_tools,01-11-2017,69,3711.7,18.27550725,53.78571429,57,366,2,1650,4.1,339
garden4,garden_tools,01-12-2017,44,2468.6,17.26727273,55.75,57,366,2,1650,4.1,184
garden4,garden_tools,01-01-2018,39,1946.1,16.50512821,49.9,57,366,2,1650,4.1,137
garden4,garden_tools,01-02-2018,48,2411.2,18.281875,50.35714286,57,366,2,1650,4.1,160
garden4,garden_tools,01-03-2018,26,1401.4,19.02423077,53.9,57,366,2,1650,4.1,116
garden4,garden_tools,01-04-2018,28,1509.2,19.07142857,53.9,57,366,2,1650,4.1,111
garden4,garden_tools,01-05-2018,25,1319.5,12.98,53.05789474,57,366,2,1650,4.1,102
garden4,garden_tools,01-06-2018,15,748.5,22.87866667,49.9,57,366,2,1650,4.1,58
garden4,garden_tools,01-07-2018,3,149.7,20.99,49.9,57,366,2,1650,4.1,54
garden4,garden_tools,01-08-2018,6,299.4,32.32,49.9,57,366,2,1650,4.1,46
computers5,computers_accessories,01-10-2017,1,167,14.92,167,33,300,1,207,3.5,31
computers5,computers_accessories,01-12-2017,2,239.8,13.44,119.9,33,300,1,207,3.5,35
computers5,computers_accessories,01-01-2018,57,5453.96,12.23912281,93.09489362,33,300,1,207,3.5,152
computers5,computers_accessories,01-02-2018,45,3465.8,11.51311111,77.155,33,300,1,207,3.5,202
computers5,computers_accessories,01-03-2018,6,528,17.55333333,88,33,300,1,207,3.5,127
computers5,computers_accessories,01-04-2018,10,880,10.869,88,33,300,1,207,3.5,107
computers5,computers_accessories,01-06-2018,3,269.7,21.82666667,89.9,33,300,1,207,3.5,66
computers5,computers_accessories,01-07-2018,3,236.7,13.41333333,78.9,33,300,1,207,3.5,43
garden10,garden_tools,01-05-2017,3,179.7,26.24666667,59.9,59,341,2,1750,4.2,34
garden10,garden_tools,01-06-2017,3,179.7,16.26,59.9,59,341,2,1750,4.2,26
garden10,garden_tools,01-07-2017,19,1138.1,16.11157895,59.9,59,341,2,1750,4.2,74
garden10,garden_tools,01-08-2017,27,1617.3,17.68111111,59.9,59,341,2,1750,4.2,113
garden10,garden_tools,01-09-2017,17,1018.3,16.81176471,59.9,59,341,2,1750,4.2,115
garden10,garden_tools,01-10-2017,31,1856.9,17.59548387,59.9,59,341,2,1750,4.2,146
garden10,garden_tools,01-11-2017,87,4712.19,16.07586207,53.64828125,59,341,2,1750,4.2,339
garden10,garden_tools,01-12-2017,32,1769.7,19.184375,55.425,59,341,2,1750,4.2,184
garden10,garden_tools,01-01-2018,29,1447.1,15.84103448,49.9,59,341,2,1750,4.2,137
garden10,garden_tools,01-02-2018,36,1828.4,17.51944444,50.9,59,341,2,1750,4.2,160
garden10,garden_tools,01-03-2018,35,1886.5,21.85285714,53.9,59,341,2,1750,4.2,116
garden10,garden_tools,01-04-2018,13,700.7,19.46846154,53.9,59,341,2,1750,4.2,111
garden10,garden_tools,01-05-2018,29,1559.1,13.51034483,53.70952381,59,341,2,1750,4.2,102
garden10,garden_tools,01-06-2018,6,299.4,23.25166667,49.9,59,341,2,1750,4.2,58
garden10,garden_tools,01-07-2018,14,698.6,33.28142857,49.9,59,341,2,1750,4.2,54
garden10,garden_tools,01-08-2018,10,499,36.442,49.9,59,341,2,1750,4.2,46
computers6,computers_accessories,01-01-2018,22,3307.8,22.54772727,150.3545455,48,894,1,533,4.3,152
computers6,computers_accessories,01-02-2018,69,10343.1,26.55289855,149.9,48,894,1,533,4.3,202
computers6,computers_accessories,01-03-2018,51,7644.9,28.47588235,149.9,48,894,1,533,4.3,127
computers6,computers_accessories,01-04-2018,35,5246.5,30.22742857,149.9,48,894,1,533,4.3,107
computers6,computers_accessories,01-05-2018,52,7794.8,18.94307692,149.9,48,894,1,533,4.3,78
computers6,computers_accessories,01-06-2018,27,4047.3,27.62666667,149.9,48,894,1,533,4.3,66
computers6,computers_accessories,01-07-2018,13,1948.7,33.57153846,149.9,48,894,1,533,4.3,43
computers6,computers_accessories,01-08-2018,5,749.5,24.76,149.9,48,894,1,533,4.3,18
health6,health_beauty,01-01-2018,3,185.97,24.05,61.99,50,1257,1,350,3.9,98
health6,health_beauty,01-03-2018,13,805.87,28.61461538,61.99,50,1257,1,350,3.9,169
health6,health_beauty,01-04-2018,15,974.85,25.346,64.99,50,1257,1,350,3.9,118
health6,health_beauty,01-05-2018,38,2469.62,24.77447368,64.99,50,1257,1,350,3.9,159
health6,health_beauty,01-06-2018,26,1741.74,30.24153846,66.99,50,1257,1,350,3.9,131
health6,health_beauty,01-07-2018,27,1808.73,25.90074074,66.99,50,1257,1,350,3.9,113
health6,health_beauty,01-08-2018,28,1875.72,23.52821429,66.99,50,1257,1,350,3.9,127
garden6,garden_tools,01-05-2017,4,239.6,19.7325,59.9,56,348,2,1550,4.1,34
garden6,garden_tools,01-06-2017,1,59.9,17.67,59.9,56,348,2,1550,4.1,26
garden6,garden_tools,01-07-2017,14,838.6,16.62642857,59.9,56,348,2,1550,4.1,74
garden6,garden_tools,01-08-2017,39,2336.1,18.16230769,59.9,56,348,2,1550,4.1,113
garden6,garden_tools,01-09-2017,37,2216.3,17.18702703,59.9,56,348,2,1550,4.1,115
garden6,garden_tools,01-10-2017,39,2336.1,18.06589744,59.9,56,348,2,1550,4.1,146
garden6,garden_tools,01-11-2017,91,4769.7,17.06747253,52.40694444,56,348,2,1550,4.1,339
garden6,garden_tools,01-12-2017,51,2881.6,15.75960784,55.1,56,348,2,1550,4.1,184
garden6,garden_tools,01-01-2018,12,598.8,19.495,49.9,56,348,2,1550,4.1,137
garden6,garden_tools,01-02-2018,39,1970.1,16.61153846,50.54516129,56,348,2,1550,4.1,160
garden6,garden_tools,01-03-2018,31,1670.9,20.35967742,53.9,56,348,2,1550,4.1,116
garden6,garden_tools,01-04-2018,46,2479.4,5.28173913,53.9,56,348,2,1550,4.1,111
garden6,garden_tools,01-05-2018,56,2982.4,10.75303571,53.41515152,56,348,2,1550,4.1,102
garden6,garden_tools,01-06-2018,12,598.8,19.89083333,49.9,56,348,2,1550,4.1,58
garden6,garden_tools,01-07-2018,6,299.46,28.37333333,49.91,56,348,2,1550,4.1,54
garden6,garden_tools,01-08-2018,6,299.46,20.32833333,49.91,56,348,2,1550,4.1,46
health10,health_beauty,01-02-2018,21,994.04,10.20047619,47.35789474,40,409,1,1110,4.2,126
health10,health_beauty,01-03-2018,58,2809.65,12.56344828,48.45944444,40,409,1,1110,4.2,169
health10,health_beauty,01-04-2018,18,965.91,13.16055556,53.70176471,40,409,1,1110,4.2,118
health10,health_beauty,01-05-2018,33,1723.08,10.63121212,52.06928571,40,409,1,1110,4.2,159
health10,health_beauty,01-06-2018,9,449.82,12.91,49.98,40,409,1,1110,4.2,131
health10,health_beauty,01-07-2018,5,257.56,14.368,51.512,40,409,1,1110,4.2,113
health10,health_beauty,01-08-2018,11,557.85,9.312727273,50.71,40,409,1,1110,4.2,127
watches2,watches_gifts,01-06-2017,5,789.95,13.91,157.99,35,591,3,444,4,17
watches2,watches_gifts,01-07-2017,6,1016.95,14.95,171.792,35,591,3,444,4,29
watches2,watches_gifts,01-08-2017,5,849.5,17.084,169.9,35,591,3,444,4,48
watches2,watches_gifts,01-09-2017,10,1604,17.856,160.4,35,591,3,444,4,54
watches2,watches_gifts,01-10-2017,16,2391.6,18.505625,149.475,35,591,3,444,4,43
watches2,watches_gifts,01-11-2017,26,3660,19.17230769,140.56,35,591,3,444,4,91
watches2,watches_gifts,01-12-2017,6,894,17.00333333,149,35,591,3,444,4,73
watches2,watches_gifts,01-01-2018,8,1188,14.165,148.5,35,591,3,444,4,59
watches2,watches_gifts,01-02-2018,14,2043.92,15.12928571,145.9942857,35,591,3,444,4,90
watches2,watches_gifts,01-03-2018,9,1115.7,26.27222222,123.9666667,35,591,3,444,4,125
watches2,watches_gifts,01-04-2018,10,1191.9,21.229,119.19,35,591,3,444,4,178
watches2,watches_gifts,01-05-2018,22,2598.9,14.71227273,118.1318182,35,591,3,444,4,260
watches2,watches_gifts,01-06-2018,1,139.9,18.86,139.9,35,591,3,444,4,93
watches2,watches_gifts,01-07-2018,5,694.9,23.162,138.98,35,591,3,444,4,122
watches2,watches_gifts,01-08-2018,3,414,23.52666667,138,35,591,3,444,4,61
health1,health_beauty,01-08-2017,3,254.97,15.57,84.99,49,1495,3,600,3.8,82
health1,health_beauty,01-09-2017,4,339.96,15.6,84.99,49,1495,3,600,3.8,89
health1,health_beauty,01-10-2017,3,254.97,19.61,84.99,49,1495,3,600,3.8,81
health1,health_beauty,01-11-2017,36,3059.64,17.40833333,84.99,49,1495,3,600,3.8,139
health1,health_beauty,01-12-2017,50,4249.5,16.2446,84.99,49,1495,3,600,3.8,112
health1,health_beauty,01-01-2018,13,1104.87,15.99615385,84.99,49,1495,3,600,3.8,98
health1,health_beauty,01-02-2018,7,594.93,15.86714286,84.99,49,1495,3,600,3.8,126
health1,health_beauty,01-03-2018,4,339.96,16.375,84.99,49,1495,3,600,3.8,169
health1,health_beauty,01-06-2018,2,169.98,22.08,84.99,49,1495,3,600,3.8,131
garden8,garden_tools,01-02-2017,1,179.99,33.54,179.99,33,2188,2,7650,4.2,3
garden8,garden_tools,01-04-2017,3,539.97,36.64333333,179.99,33,2188,2,7650,4.2,17
garden8,garden_tools,01-09-2017,2,359.98,26.88,179.99,33,2188,2,7650,4.2,115
garden8,garden_tools,01-10-2017,6,1079.94,36.75666667,179.99,33,2188,2,7650,4.2,146
garden8,garden_tools,01-11-2017,13,2339.87,43.14153846,179.99,33,2188,2,7650,4.2,339
garden8,garden_tools,01-12-2017,15,2759.85,47.594,183.99,33,2188,2,7650,4.2,184
garden8,garden_tools,01-01-2018,14,2629.96,38.53785714,187.8542857,33,2188,2,7650,4.2,137
garden8,garden_tools,01-02-2018,12,2148,47.82583333,179,33,2188,2,7650,4.2,160
garden8,garden_tools,01-03-2018,13,2277,57.29846154,175.1538462,33,2188,2,7650,4.2,116
garden8,garden_tools,01-04-2018,11,1969,28.63272727,179,33,2188,2,7650,4.2,111
garden8,garden_tools,01-05-2018,3,537,24.37,179,33,2188,2,7650,4.2,102
garden8,garden_tools,01-06-2018,10,1590,54.763,159,33,2188,2,7650,4.2,58
garden8,garden_tools,01-07-2018,8,1112,48.62875,139,33,2188,2,7650,4.2,54
garden8,garden_tools,01-08-2018,7,973,73.59,139,33,2188,2,7650,4.2,46
garden9,garden_tools,01-04-2017,3,179.7,18.39333333,59.9,58,340,2,1500,4,17
garden9,garden_tools,01-05-2017,7,419.3,15.79428571,59.9,58,340,2,1500,4,34
garden9,garden_tools,01-06-2017,4,239.6,16.6125,59.9,58,340,2,1500,4,26
garden9,garden_tools,01-07-2017,19,1138.1,16.03052632,59.9,58,340,2,1500,4,74
garden9,garden_tools,01-08-2017,21,1257.9,18.83142857,59.9,58,340,2,1500,4,113
garden9,garden_tools,01-09-2017,23,1377.7,18.64347826,59.9,58,340,2,1500,4,115
garden9,garden_tools,01-10-2017,19,1138.1,17.73052632,59.9,58,340,2,1500,4,146
garden9,garden_tools,01-11-2017,82,4397.7,17.80780488,53.37910448,58,340,2,1500,4,339
garden9,garden_tools,01-12-2017,40,2232.6,17.5175,55.77096774,58,340,2,1500,4,184
garden9,garden_tools,01-01-2018,25,1247.5,17.7532,49.9,58,340,2,1500,4,137
garden9,garden_tools,01-02-2018,44,2247.6,16.28340909,51.025,58,340,2,1500,4,160
garden9,garden_tools,01-03-2018,25,1347.5,19.2648,53.9,58,340,2,1500,4,116
garden9,garden_tools,01-04-2018,20,1078,20.563,53.9,58,340,2,1500,4,111
garden9,garden_tools,01-05-2018,17,888.3,14.38823529,52.56666667,58,340,2,1500,4,102
garden9,garden_tools,01-06-2018,8,399.2,29.78625,49.9,58,340,2,1500,4,58
garden9,garden_tools,01-07-2018,9,449.1,27.77,49.9,58,340,2,1500,4,54
garden9,garden_tools,01-08-2018,7,349.3,33.74,49.9,58,340,2,1500,4,46
watches6,watches_gifts,01-06-2017,4,652,14.265,163,33,523,3,584,4.2,17
watches6,watches_gifts,01-07-2017,11,1777.5,15.52545455,161.5909091,33,523,3,584,4.2,29
watches6,watches_gifts,01-08-2017,13,2088.7,15.18538462,160.6692308,33,523,3,584,4.2,48
watches6,watches_gifts,01-09-2017,18,2762.5,14.04111111,148.7785714,33,523,3,584,4.2,54
watches6,watches_gifts,01-10-2017,1,134.9,6.81,134.9,33,523,3,584,4.2,43
watches6,watches_gifts,01-11-2017,15,1995,19.91666667,133,33,523,3,584,4.2,91
watches6,watches_gifts,01-12-2017,4,596,19.1,149,33,523,3,584,4.2,73
watches6,watches_gifts,01-02-2018,6,769.45,15.92666667,128.2416667,33,523,3,584,4.2,90
watches6,watches_gifts,01-03-2018,31,3640.68,18.26129032,117.4412903,33,523,3,584,4.2,125
watches6,watches_gifts,01-04-2018,85,8961.49,2.181647059,105.648625,33,523,3,584,4.2,178
watches6,watches_gifts,01-05-2018,114,11820.2,0.095438596,103.7925234,33,523,3,584,4.2,260
watches6,watches_gifts,01-06-2018,9,1071,19.20666667,119,33,523,3,584,4.2,93
watches6,watches_gifts,01-07-2018,11,1302,15.48,118.3636364,33,523,3,584,4.2,122
watches6,watches_gifts,01-08-2018,1,112,13.44,112,33,523,3,584,4.2,61
cool3,cool_stuff,01-09-2017,1,29.5,11.73,29.5,57,787,8,1867,4.4,10
cool3,cool_stuff,01-01-2018,76,2242,16.53263158,29.5,57,787,8,1867,4.4,102
cool3,cool_stuff,01-03-2018,26,910,16.25615385,35,57,787,8,1867,4.4,45
cool3,cool_stuff,01-04-2018,4,140,14.845,35,57,787,8,1867,4.4,18
cool3,cool_stuff,01-05-2018,4,140,13.6375,35,57,787,8,1867,4.4,4
cool3,cool_stuff,01-06-2018,2,130,15.01,65,57,787,8,1867,4.4,2
cool3,cool_stuff,01-08-2018,1,65,57.23,65,57,787,8,1867,4.4,1
perfumery2,perfumery,01-08-2017,1,142.5,15.75,142.5,29,178,1,400,4.4,8
perfumery2,perfumery,01-09-2017,1,142.5,9.19,142.5,29,178,1,400,4.4,18
perfumery2,perfumery,01-10-2017,2,285,17.15,142.5,29,178,1,400,4.4,19
perfumery2,perfumery,01-11-2017,8,944.4,14.29375,118.05,29,178,1,400,4.4,27
perfumery2,perfumery,01-12-2017,12,1416,11.02666667,118,29,178,1,400,4.4,34
perfumery2,perfumery,01-01-2018,6,707.4,14.03833333,117.9,29,178,1,400,4.4,15
perfumery2,perfumery,01-02-2018,11,1296.8,13.88090909,117.8888889,29,178,1,400,4.4,12
perfumery2,perfumery,01-03-2018,4,470.8,15.175,117.7,29,178,1,400,4.4,18
perfumery2,perfumery,01-04-2018,8,943.8,21.65,117.975,29,178,1,400,4.4,10
perfumery2,perfumery,01-05-2018,17,2038.3,15.85235294,119.9,29,178,1,400,4.4,16
perfumery2,perfumery,01-06-2018,14,1668.5,14.17285714,119.1785714,29,178,1,400,4.4,14
perfumery2,perfumery,01-07-2018,5,593.5,15.978,118.7,29,178,1,400,4.4,13
perfumery2,perfumery,01-08-2018,17,1987.4,17.79058824,116.9066667,29,178,1,400,4.4,19
cool2,cool_stuff,01-03-2017,8,1039.92,18.77875,129.99,33,897,1,1600,4.3,22
cool2,cool_stuff,01-04-2017,14,1819.86,17.39642857,129.99,33,897,1,1600,4.3,33
cool2,cool_stuff,01-05-2017,18,2339.82,18.27277778,129.99,33,897,1,1600,4.3,58
cool2,cool_stuff,01-06-2017,17,2209.83,17.06117647,129.99,33,897,1,1600,4.3,42
cool2,cool_stuff,01-07-2017,16,2079.84,18.715625,129.99,33,897,1,1600,4.3,42
cool2,cool_stuff,01-08-2017,16,1870.84,19.02125,116.9275,33,897,1,1600,4.3,39
cool2,cool_stuff,01-10-2017,10,1199.9,19.997,119.99,33,897,1,1600,4.3,33
cool2,cool_stuff,01-11-2017,9,1169.91,22.67444444,129.99,33,897,1,1600,4.3,42
cool2,cool_stuff,01-12-2017,3,389.97,25.59,129.99,33,897,1,1600,4.3,38
cool2,cool_stuff,01-01-2018,4,519.96,17.41,129.99,33,897,1,1600,4.3,102
cool2,cool_stuff,01-02-2018,2,259.98,16.71,129.99,33,897,1,1600,4.3,20
cool2,cool_stuff,01-03-2018,1,129.99,18.49,129.99,33,897,1,1600,4.3,45
cool2,cool_stuff,01-04-2018,1,129.99,23.49,129.99,33,897,1,1600,4.3,18
computers1,computers_accessories,01-05-2017,4,379.6,15.84,94.9,45,236,1,173,4,11
computers1,computers_accessories,01-06-2017,6,611.4,17.785,100.9,45,236,1,173,4,15
computers1,computers_accessories,01-07-2017,10,1099,12.015,109.9,45,236,1,173,4,17
computers1,computers_accessories,01-08-2017,2,219.8,10.39,109.9,45,236,1,173,4,15
computers1,computers_accessories,01-09-2017,4,395.6,14.975,98.9,45,236,1,173,4,15
computers1,computers_accessories,01-10-2017,4,395.6,17.1225,98.9,45,236,1,173,4,31
computers1,computers_accessories,01-11-2017,6,593.4,16.14,98.9,45,236,1,173,4,36
computers1,computers_accessories,01-12-2017,1,98.9,13.71,98.9,45,236,1,173,4,35
computers1,computers_accessories,01-01-2018,31,2795.14,14.08322581,90.534,45,236,1,173,4,152
computers1,computers_accessories,01-02-2018,30,2537.19,14.096,84.75608696,45,236,1,173,4,202
computers1,computers_accessories,01-03-2018,13,1139.8,11.67230769,87.5,45,236,1,173,4,127
computers1,computers_accessories,01-04-2018,5,470,15.48,94,45,236,1,173,4,107
computers1,computers_accessories,01-06-2018,4,292,17.1875,73,45,236,1,173,4,66
computers1,computers_accessories,01-07-2018,18,1199.48,21.16444444,66.34214286,45,236,1,173,4,43
computers1,computers_accessories,01-08-2018,1,79.9,13.9,79.9,45,236,1,173,4,18
consoles2,consoles_games,01-07-2017,1,19.9,11.85,19.9,56,237,3,100,3.9,13
consoles2,consoles_games,01-08-2017,11,218.9,15.83272727,19.9,56,237,3,100,3.9,33
consoles2,consoles_games,01-09-2017,9,179.1,15.41111111,19.9,56,237,3,100,3.9,17
consoles2,consoles_games,01-10-2017,12,248,12.80333333,20.66666667,56,237,3,100,3.9,38
consoles2,consoles_games,01-11-2017,23,563.5,13.65217391,24.5,56,237,3,100,3.9,49
consoles2,consoles_games,01-12-2017,17,416.5,13.52470588,24.5,56,237,3,100,3.9,30
consoles2,consoles_games,01-01-2018,10,271.2,13.319,27.03333333,56,237,3,100,3.9,9
consoles2,consoles_games,01-02-2018,1,32.5,11.85,32.5,56,237,3,100,3.9,6
consoles2,consoles_games,01-03-2018,7,229.2,14.02714286,32.74285714,56,237,3,100,3.9,13
consoles2,consoles_games,01-04-2018,6,205.2,15.015,34.2,56,237,3,100,3.9,13
health5,health_beauty,01-01-2017,8,2799.2,22.90125,349.9,51,625,1,900,4.3,9
health5,health_beauty,01-02-2017,4,1399.6,26.9275,349.9,51,625,1,900,4.3,19
health5,health_beauty,01-03-2017,2,699.8,21.275,349.9,51,625,1,900,4.3,25
health5,health_beauty,01-04-2017,1,349.9,19.29,349.9,51,625,1,900,4.3,23
health5,health_beauty,01-05-2017,4,1399.6,26.73,349.9,51,625,1,900,4.3,41
health5,health_beauty,01-06-2017,2,699.8,24.505,349.9,51,625,1,900,4.3,53
health5,health_beauty,01-07-2017,1,349.9,29.3,349.9,51,625,1,900,4.3,61
health5,health_beauty,01-08-2017,7,2449.3,29.94714286,349.9,51,625,1,900,4.3,82
health5,health_beauty,01-09-2017,7,2449.3,26.58285714,349.9,51,625,1,900,4.3,89
health5,health_beauty,01-10-2017,10,3499,22.84,349.9,51,625,1,900,4.3,81
health5,health_beauty,01-11-2017,11,3543.5,20.47818182,322.1363636,51,625,1,900,4.3,139
health5,health_beauty,01-12-2017,7,2449.3,29.09285714,349.9,51,625,1,900,4.3,112
health5,health_beauty,01-01-2018,12,4198.8,28.41416667,349.9,51,625,1,900,4.3,98
health5,health_beauty,01-02-2018,15,5248.5,23.20533333,349.9,51,625,1,900,4.3,126
health5,health_beauty,01-03-2018,17,5948.3,29.6,349.9,51,625,1,900,4.3,169
health5,health_beauty,01-04-2018,7,2449.3,25.64142857,349.9,51,625,1,900,4.3,118
health5,health_beauty,01-05-2018,10,3513.1,38.57,352.25,51,625,1,900,4.3,159
health5,health_beauty,01-06-2018,11,4004,32.69727273,364,51,625,1,900,4.3,131
health5,health_beauty,01-07-2018,11,4004,36.24636364,364,51,625,1,900,4.3,113
health5,health_beauty,01-08-2018,9,3276,28.55111111,364,51,625,1,900,4.3,127
watches8,watches_gifts,01-07-2017,2,479.8,14.805,239.9,35,640,1,335,4.1,29
watches8,watches_gifts,01-10-2017,2,479.8,11.22,239.9,35,640,1,335,4.1,43
watches8,watches_gifts,01-01-2018,2,459.8,16.36,229.9,35,640,1,335,4.1,59
watches8,watches_gifts,01-02-2018,11,2250.8,17.02545455,204.6181818,35,640,1,335,4.1,90
watches8,watches_gifts,01-03-2018,16,2680,17.154375,167.5,35,640,1,335,4.1,125
watches8,watches_gifts,01-04-2018,26,3908.9,17.50192308,150.3423077,35,640,1,335,4.1,178
watches8,watches_gifts,01-05-2018,30,4355,16.259,145.1666667,35,640,1,335,4.1,260
watches8,watches_gifts,01-06-2018,3,457.9,19.17,152.6333333,35,640,1,335,4.1,93
watches8,watches_gifts,01-07-2018,14,2200,16.65714286,157.1428571,35,640,1,335,4.1,122
watches8,watches_gifts,01-08-2018,11,1737.4,14.59272727,157.9454545,35,640,1,335,4.1,61
furniture4,furniture_decor,01-11-2017,1,99.9,21.19,99.9,57,272,1,2500,4.4,64
furniture4,furniture_decor,01-12-2017,3,299.7,20.64666667,99.9,57,272,1,2500,4.4,40
furniture4,furniture_decor,01-01-2018,13,1298.7,22.81923077,99.9,57,272,1,2500,4.4,125
furniture4,furniture_decor,01-02-2018,13,1298.7,28.89076923,99.9,57,272,1,2500,4.4,52
furniture4,furniture_decor,01-03-2018,12,1198.8,22.14583333,99.9,57,272,1,2500,4.4,83
furniture4,furniture_decor,01-04-2018,13,1298.7,23.32769231,99.9,57,272,1,2500,4.4,92
furniture4,furniture_decor,01-05-2018,13,1298.7,19.41076923,99.9,57,272,1,2500,4.4,95
furniture4,furniture_decor,01-06-2018,10,999,25.636,99.9,57,272,1,2500,4.4,18
furniture4,furniture_decor,01-07-2018,14,1099.5,23.84714286,78.53571429,57,272,1,2500,4.4,22
furniture4,furniture_decor,01-08-2018,9,754.5,23.77666667,83.83333333,57,272,1,2500,4.4,19
watches5,watches_gifts,01-08-2017,8,1839.2,15.14125,229.9,42,236,1,342,4.1,48
watches5,watches_gifts,01-09-2017,10,2190.6,15.345,219.06,42,236,1,342,4.1,54
watches5,watches_gifts,01-10-2017,8,1729.2,19.1,216.15,42,236,1,342,4.1,43
watches5,watches_gifts,01-11-2017,12,2395.2,19.795,203.2909091,42,236,1,342,4.1,91
watches5,watches_gifts,01-12-2017,28,6287.2,17.48678571,224.5428571,42,236,1,342,4.1,73
watches5,watches_gifts,01-01-2018,10,2207.7,20.496,220.77,42,236,1,342,4.1,59
watches5,watches_gifts,01-02-2018,21,4319.4,20.90238095,205.6857143,42,236,1,342,4.1,90
watches5,watches_gifts,01-03-2018,16,3459,29.476875,216.1875,42,236,1,342,4.1,125
watches5,watches_gifts,01-04-2018,13,2657,4.088461538,204.3846154,42,236,1,342,4.1,178
watches5,watches_gifts,01-05-2018,17,3383,0,199,42,236,1,342,4.1,260
health7,health_beauty,01-01-2017,1,64.99,11.06,64.99,59,492,2,200,3.9,9
health7,health_beauty,01-02-2017,5,324.95,15.348,64.99,59,492,2,200,3.9,19
health7,health_beauty,01-03-2017,9,584.91,17.26222222,64.99,59,492,2,200,3.9,25
health7,health_beauty,01-04-2017,9,584.91,15.16888889,64.99,59,492,2,200,3.9,23
health7,health_beauty,01-05-2017,16,1039.84,14.811875,64.99,59,492,2,200,3.9,41
health7,health_beauty,01-06-2017,21,1234.79,13.90333333,58.79952381,59,492,2,200,3.9,53
health7,health_beauty,01-07-2017,15,888.85,17.998,59.25666667,59,492,2,200,3.9,61
health7,health_beauty,01-08-2017,22,1297.78,16.24090909,58.99,59,492,2,200,3.9,82
health7,health_beauty,01-09-2017,25,1474.75,15.6392,58.99,59,492,2,200,3.9,89
health7,health_beauty,01-10-2017,19,1120.81,19.06526316,58.99,59,492,2,200,3.9,81
health7,health_beauty,01-11-2017,24,1415.76,15.71166667,58.99,59,492,2,200,3.9,139
health7,health_beauty,01-12-2017,9,530.91,16.33222222,58.99,59,492,2,200,3.9,112
health7,health_beauty,01-01-2018,6,353.94,22.67833333,58.99,59,492,2,200,3.9,98
health7,health_beauty,01-02-2018,14,825.86,19.575,58.99,59,492,2,200,3.9,126
health7,health_beauty,01-03-2018,10,589.9,15.228,58.99,59,492,2,200,3.9,169
health7,health_beauty,01-04-2018,11,648.89,16.30272727,58.99,59,492,2,200,3.9,118
health7,health_beauty,01-05-2018,4,235.96,9.4225,58.99,59,492,2,200,3.9,159
health7,health_beauty,01-06-2018,6,353.94,16.43,58.99,59,492,2,200,3.9,131
health7,health_beauty,01-07-2018,2,117.98,7.67,58.99,59,492,2,200,3.9,113
health7,health_beauty,01-08-2018,3,176.97,12.08333333,58.99,59,492,2,200,3.9,127
bed3,bed_bath_table,01-10-2017,8,792,16.35375,99,55,312,1,1550,3.3,50
bed3,bed_bath_table,01-11-2017,22,2178,18.79636364,99,55,312,1,1550,3.3,97
bed3,bed_bath_table,01-12-2017,7,693,18.66285714,99,55,312,1,1550,3.3,41
bed3,bed_bath_table,01-01-2018,11,1082,16.39727273,98.3,55,312,1,1550,3.3,62
bed3,bed_bath_table,01-02-2018,13,1196,16.19461538,92,55,312,1,1550,3.3,62
bed3,bed_bath_table,01-03-2018,3,276,14.04333333,92,55,312,1,1550,3.3,43
bed3,bed_bath_table,01-04-2018,9,815,17.82222222,90.875,55,312,1,1550,3.3,34
bed3,bed_bath_table,01-05-2018,14,1235.36,9.212857143,88.24,55,312,1,1550,3.3,57
bed3,bed_bath_table,01-06-2018,14,1188.6,17.975,84.9,55,312,1,1550,3.3,43
bed3,bed_bath_table,01-07-2018,9,764.1,22.44777778,84.9,55,312,1,1550,3.3,26
bed3,bed_bath_table,01-08-2018,1,84.9,4.41,84.9,55,312,1,1550,3.3,15
garden3,garden_tools,01-02-2017,1,99.99,33,99.99,47,1893,1,6050,4.1,3
garden3,garden_tools,01-03-2017,11,1099.89,30.53909091,99.99,47,1893,1,6050,4.1,21
garden3,garden_tools,01-04-2017,8,759.92,33.71,96.65666667,47,1893,1,6050,4.1,17
garden3,garden_tools,01-05-2017,2,219.98,34.13,109.99,47,1893,1,6050,4.1,34
garden3,garden_tools,01-06-2017,2,239.98,34.2,119.99,47,1893,1,6050,4.1,26
garden3,garden_tools,01-07-2017,2,240,36.28,120,47,1893,1,6050,4.1,74
garden3,garden_tools,01-09-2017,4,417,33.09,104.25,47,1893,1,6050,4.1,115
garden3,garden_tools,01-10-2017,12,1105.92,30.83416667,92.594,47,1893,1,6050,4.1,146
garden3,garden_tools,01-11-2017,21,1889.79,47.52571429,89.99,47,1893,1,6050,4.1,339
garden3,garden_tools,01-12-2017,14,1259.86,42.60714286,89.99,47,1893,1,6050,4.1,184
garden3,garden_tools,01-01-2018,12,1479.98,39.19416667,123.3316667,47,1893,1,6050,4.1,137
garden3,garden_tools,01-02-2018,14,1680,33.00214286,120,47,1893,1,6050,4.1,160
garden3,garden_tools,01-03-2018,6,680,50.19333333,113.3333333,47,1893,1,6050,4.1,116
garden3,garden_tools,01-04-2018,7,770,42.21142857,110,47,1893,1,6050,4.1,111
garden3,garden_tools,01-05-2018,8,880,39.37125,110,47,1893,1,6050,4.1,102
garden3,garden_tools,01-06-2018,10,969.9,41.186,96.65666667,47,1893,1,6050,4.1,58
garden3,garden_tools,01-07-2018,5,499.95,44.232,99.99,47,1893,1,6050,4.1,54
garden3,garden_tools,01-08-2018,2,199.98,47.745,99.99,47,1893,1,6050,4.1,46
bed2,bed_bath_table,01-02-2017,2,179.8,13.02,89.9,54,245,1,1383,3.9,2
bed2,bed_bath_table,01-03-2017,22,1977.8,13.65272727,89.9,54,245,1,1383,3.9,20
bed2,bed_bath_table,01-04-2017,34,3056.6,15.05,89.9,54,245,1,1383,3.9,31
bed2,bed_bath_table,01-05-2017,58,5214.2,15.01189655,89.9,54,245,1,1383,3.9,57
bed2,bed_bath_table,01-06-2017,51,4584.9,14.76921569,89.9,54,245,1,1383,3.9,61
bed2,bed_bath_table,01-07-2017,60,5394,13.99383333,89.9,54,245,1,1383,3.9,123
bed2,bed_bath_table,01-08-2017,37,3326.3,14.65675676,89.9,54,245,1,1383,3.9,90
bed2,bed_bath_table,01-09-2017,23,2067.7,18.77652174,89.9,54,245,1,1383,3.9,54
bed2,bed_bath_table,01-10-2017,14,1258.6,21.57214286,89.9,54,245,1,1383,3.9,50
bed2,bed_bath_table,01-11-2017,40,3596,16.294,89.9,54,245,1,1383,3.9,97
bed2,bed_bath_table,01-12-2017,18,1594.2,18.89833333,88.48823529,54,245,1,1383,3.9,41
bed2,bed_bath_table,01-01-2018,17,1477.3,19.38352941,86.9,54,245,1,1383,3.9,62
bed2,bed_bath_table,01-02-2018,22,1911.8,19.20909091,86.9,54,245,1,1383,3.9,62
bed2,bed_bath_table,01-03-2018,17,1477.3,19.98235294,86.9,54,245,1,1383,3.9,43
bed2,bed_bath_table,01-04-2018,6,510.27,12.94,85.045,54,245,1,1383,3.9,34
bed2,bed_bath_table,01-05-2018,26,2174.89,16.78038462,83.64961538,54,245,1,1383,3.9,57
bed2,bed_bath_table,01-06-2018,23,1837.7,23.00565217,79.9,54,245,1,1383,3.9,43
bed2,bed_bath_table,01-07-2018,10,781.3,19.952,77.93333333,54,245,1,1383,3.9,26
bed2,bed_bath_table,01-08-2018,7,518,17.25571429,74,54,245,1,1383,3.9,15
furniture3,furniture_decor,01-08-2017,1,38.4,11.85,38.4,41,789,1,950,3.8,14
furniture3,furniture_decor,01-09-2017,6,230.4,13.5,38.4,41,789,1,950,3.8,7
furniture3,furniture_decor,01-10-2017,8,307.2,15.55875,38.4,41,789,1,950,3.8,17
furniture3,furniture_decor,01-11-2017,34,1170.35,13.75058824,34.58117647,41,789,1,950,3.8,64
furniture3,furniture_decor,01-12-2017,4,153.6,11.015,38.4,41,789,1,950,3.8,40
furniture3,furniture_decor,01-01-2018,15,576,14.27533333,38.4,41,789,1,950,3.8,125
furniture3,furniture_decor,01-02-2018,4,153.6,15.61,38.4,41,789,1,950,3.8,52
furniture3,furniture_decor,01-03-2018,14,493.4,15.18928571,35.48571429,41,789,1,950,3.8,83
furniture3,furniture_decor,01-04-2018,4,140,15,35,41,789,1,950,3.8,92
furniture3,furniture_decor,01-05-2018,4,140,11.58,35,41,789,1,950,3.8,95
furniture3,furniture_decor,01-06-2018,2,70,19.32,35,41,789,1,950,3.8,18
furniture3,furniture_decor,01-08-2018,1,35,19.44,35,41,789,1,950,3.8,19
watches4,watches_gifts,01-11-2017,13,1404,15.90846154,108,58,3006,2,1000,4.2,91
watches4,watches_gifts,01-12-2017,13,1404,16.65384615,108,58,3006,2,1000,4.2,73
watches4,watches_gifts,01-01-2018,44,4752,16.19636364,108,58,3006,2,1000,4.2,59
watches4,watches_gifts,01-02-2018,33,3564,18.25363636,108,58,3006,2,1000,4.2,90
watches4,watches_gifts,01-03-2018,21,2214,21.6652381,105.6428571,58,3006,2,1000,4.2,125
watches4,watches_gifts,01-04-2018,21,2205,13.63142857,105,58,3006,2,1000,4.2,178
watches4,watches_gifts,01-05-2018,37,3885,11.3772973,105,58,3006,2,1000,4.2,260
watches4,watches_gifts,01-06-2018,28,2940,23.82357143,105,58,3006,2,1000,4.2,93
watches4,watches_gifts,01-07-2018,8,840,24.93875,105,58,3006,2,1000,4.2,122
watches4,watches_gifts,01-08-2018,7,735,23.38571429,105,58,3006,2,1000,4.2,61
watches3,watches_gifts,01-03-2017,1,78,17.98,78,59,319,4,250,3.9,6
watches3,watches_gifts,01-06-2017,3,234,10.3,78,59,319,4,250,3.9,17
watches3,watches_gifts,01-07-2017,1,78,14.3,78,59,319,4,250,3.9,29
watches3,watches_gifts,01-08-2017,5,390,18.22,78,59,319,4,250,3.9,48
watches3,watches_gifts,01-10-2017,3,234,12.13333333,78,59,319,4,250,3.9,43
watches3,watches_gifts,01-11-2017,2,156,7.8,78,59,319,4,250,3.9,91
watches3,watches_gifts,01-12-2017,6,468,19.69166667,78,59,319,4,250,3.9,73
watches3,watches_gifts,01-01-2018,9,702,14.63333333,78,59,319,4,250,3.9,59
watches3,watches_gifts,01-02-2018,1,78,15.3,78,59,319,4,250,3.9,90
watches3,watches_gifts,01-03-2018,1,78,19.24,78,59,319,4,250,3.9,125
watches3,watches_gifts,01-04-2018,16,1248,16.645625,78,59,319,4,250,3.9,178
watches3,watches_gifts,01-05-2018,5,390,10.24,78,59,319,4,250,3.9,260
watches3,watches_gifts,01-06-2018,39,3042,15.6825641,78,59,319,4,250,3.9,93
watches3,watches_gifts,01-07-2018,40,3120,17.9795,78,59,319,4,250,3.9,122
watches3,watches_gifts,01-08-2018,28,2179,13.09035714,77.82142857,59,319,4,250,3.9,61
furniture2,furniture_decor,01-07-2017,5,375,15.856,75,44,903,6,2600,4.1,5
furniture2,furniture_decor,01-08-2017,13,975,15.37692308,75,44,903,6,2600,4.1,14
furniture2,furniture_decor,01-10-2017,5,375,13.64,75,44,903,6,2600,4.1,17
furniture2,furniture_decor,01-11-2017,44,3300,16.13272727,75,44,903,6,2600,4.1,64
furniture2,furniture_decor,01-12-2017,47,3525,17.44638298,75,44,903,6,2600,4.1,40
furniture2,furniture_decor,01-01-2018,122,8538,17.66311475,69.9953271,44,903,6,2600,4.1,125
furniture2,furniture_decor,01-02-2018,44,3075.6,16.11590909,69.9,44,903,6,2600,4.1,52
furniture2,furniture_decor,01-03-2018,65,4543.5,18.42507692,69.9,44,903,6,2600,4.1,83
furniture2,furniture_decor,01-04-2018,83,5801.7,9.071566265,69.9,44,903,6,2600,4.1,92
furniture2,furniture_decor,01-05-2018,92,6430.8,3.801630435,69.9,44,903,6,2600,4.1,95
furniture2,furniture_decor,01-06-2018,2,179.8,21.93,89.9,44,903,6,2600,4.1,18
furniture2,furniture_decor,01-07-2018,2,179.8,29.79,89.9,44,903,6,2600,4.1,22
furniture2,furniture_decor,01-08-2018,3,309.7,22.3,103.2333333,44,903,6,2600,4.1,19
garden2,garden_tools,01-04-2017,5,299.5,18.652,59.9,59,341,2,1850,4.3,17
garden2,garden_tools,01-05-2017,2,119.8,17.67,59.9,59,341,2,1850,4.3,34
garden2,garden_tools,01-06-2017,5,299.5,15.978,59.9,59,341,2,1850,4.3,26
garden2,garden_tools,01-07-2017,15,898.5,17.87866667,59.9,59,341,2,1850,4.3,74
garden2,garden_tools,01-08-2017,19,1138.1,16.11157895,59.9,59,341,2,1850,4.3,113
garden2,garden_tools,01-09-2017,34,2036.6,19.71176471,59.9,59,341,2,1850,4.3,115
garden2,garden_tools,01-10-2017,13,778.7,18.98153846,59.9,59,341,2,1850,4.3,146
garden2,garden_tools,01-11-2017,9,495.5,45.69666667,54.45,59,341,2,1850,4.3,339
garden2,garden_tools,01-12-2017,1,49.9,18,49.9,59,341,2,1850,4.3,184
garden2,garden_tools,01-01-2018,1,49.9,35.86,49.9,59,341,2,1850,4.3,137
garden2,garden_tools,01-02-2018,4,203.6,33.525,51.23333333,59,341,2,1850,4.3,160
garden2,garden_tools,01-03-2018,2,107.8,62.27,53.9,59,341,2,1850,4.3,116
garden2,garden_tools,01-04-2018,2,107.8,33.93,53.9,59,341,2,1850,4.3,111
garden2,garden_tools,01-05-2018,4,199.6,21.21,49.9,59,341,2,1850,4.3,102
garden2,garden_tools,01-06-2018,5,249.5,22.42,49.9,59,341,2,1850,4.3,58
garden2,garden_tools,01-07-2018,3,149.7,34.55,49.9,59,341,2,1850,4.3,54
garden2,garden_tools,01-08-2018,3,149.7,20.99,49.9,59,341,2,1850,4.3,46
furniture1,furniture_decor,01-07-2017,1,38.4,7.78,38.4,49,829,1,850,3.7,5
furniture1,furniture_decor,01-08-2017,8,307.2,12.105,38.4,49,829,1,850,3.7,14
furniture1,furniture_decor,01-09-2017,12,460.8,17.95,38.4,49,829,1,850,3.7,7
furniture1,furniture_decor,01-10-2017,25,960,13.98,38.4,49,829,1,850,3.7,17
furniture1,furniture_decor,01-11-2017,28,1026.51,13.65214286,36.85428571,49,829,1,850,3.7,64
furniture1,furniture_decor,01-01-2018,2,76.8,9.34,38.4,49,829,1,850,3.7,125
furniture1,furniture_decor,01-02-2018,9,345.6,18.68555556,38.4,49,829,1,850,3.7,52
furniture1,furniture_decor,01-03-2018,17,601.8,15.44823529,35.48571429,49,829,1,850,3.7,83
furniture1,furniture_decor,01-04-2018,17,595,13.46941176,35,49,829,1,850,3.7,92
furniture1,furniture_decor,01-05-2018,11,385,14.63454545,35,49,829,1,850,3.7,95
furniture1,furniture_decor,01-06-2018,13,455,18.10153846,35,49,829,1,850,3.7,18
furniture1,furniture_decor,01-07-2018,10,350,17.238,35,49,829,1,850,3.7,22
furniture1,furniture_decor,01-08-2018,16,560,15.628125,35,49,829,1,850,3.7,19
health2,health_beauty,01-08-2017,6,1950,21.075,325,60,2644,6,400,4.2,82
health2,health_beauty,01-09-2017,11,3575,19.52363636,325,60,2644,6,400,4.2,89
health2,health_beauty,01-10-2017,2,650,19.545,325,60,2644,6,400,4.2,81
health2,health_beauty,01-11-2017,12,3900,16.99416667,325,60,2644,6,400,4.2,139
health2,health_beauty,01-12-2017,6,1950,17.58333333,325,60,2644,6,400,4.2,112
health2,health_beauty,01-01-2018,10,3250,19.824,325,60,2644,6,400,4.2,98
health2,health_beauty,01-02-2018,23,7475,15.63782609,325,60,2644,6,400,4.2,126
health2,health_beauty,01-03-2018,28,9125,19.37035714,325.8928571,60,2644,6,400,4.2,169
health2,health_beauty,01-04-2018,21,6930,17.30904762,330,60,2644,6,400,4.2,118
health2,health_beauty,01-05-2018,19,6270,15.74789474,330,60,2644,6,400,4.2,159
health2,health_beauty,01-06-2018,16,5280,20.29875,330,60,2644,6,400,4.2,131
health2,health_beauty,01-07-2018,13,4290,28.42,330,60,2644,6,400,4.2,113
health2,health_beauty,01-08-2018,28,9240,20.50535714,330,60,2644,6,400,4.2,127
garden1,garden_tools,01-02-2017,1,99.99,28.89,99.99,58,1893,1,5950,4.3,3
garden1,garden_tools,01-03-2017,5,499.95,31.946,99.99,58,1893,1,5950,4.3,21
garden1,garden_tools,01-05-2017,4,439.96,32.0925,109.99,58,1893,1,5950,4.3,34
garden1,garden_tools,01-06-2017,6,659.94,38.35166667,109.99,58,1893,1,5950,4.3,26
garden1,garden_tools,01-07-2017,1,120,34.2,120,58,1893,1,5950,4.3,74
garden1,garden_tools,01-08-2017,2,240,33.83,120,58,1893,1,5950,4.3,113
garden1,garden_tools,01-09-2017,7,735,30.04,102.5,58,1893,1,5950,4.3,115
garden1,garden_tools,01-10-2017,17,1619.93,41.08941176,95.29,58,1893,1,5950,4.3,146
garden1,garden_tools,01-11-2017,28,2519.72,39.33678571,89.99,58,1893,1,5950,4.3,339
garden1,garden_tools,01-12-2017,27,2429.73,38.4162963,89.99,58,1893,1,5950,4.3,184
garden1,garden_tools,01-01-2018,11,1405,45.97,127.7272727,58,1893,1,5950,4.3,137
garden1,garden_tools,01-02-2018,7,840,43.38142857,120,58,1893,1,5950,4.3,160
garden1,garden_tools,01-03-2018,6,660,54.53166667,110,58,1893,1,5950,4.3,116
garden1,garden_tools,01-04-2018,5,550,42.726,110,58,1893,1,5950,4.3,111
garden1,garden_tools,01-05-2018,2,220,32.23,110,58,1893,1,5950,4.3,102
garden1,garden_tools,01-06-2018,6,539.94,48.17833333,89.99,58,1893,1,5950,4.3,58
garden1,garden_tools,01-07-2018,7,699.93,43.68,99.99,58,1893,1,5950,4.3,54
garden1,garden_tools,01-08-2018,6,589.94,34.08333333,98.32333333,58,1893,1,5950,4.3,46
cool1,cool_stuff,01-02-2017,7,599.93,21.97142857,85.70428571,54,1012,1,1200,4.2,7
cool1,cool_stuff,01-03-2017,14,1399.86,16.64428571,99.99,54,1012,1,1200,4.2,22
cool1,cool_stuff,01-04-2017,17,1699.83,14.20235294,99.99,54,1012,1,1200,4.2,33
cool1,cool_stuff,01-05-2017,22,2199.78,15.02090909,99.99,54,1012,1,1200,4.2,58
cool1,cool_stuff,01-06-2017,14,1399.86,13.82642857,99.99,54,1012,1,1200,4.2,42
cool1,cool_stuff,01-07-2017,11,1099.89,16.52909091,99.99,54,1012,1,1200,4.2,42
cool1,cool_stuff,01-08-2017,14,1399.86,18.975,99.99,54,1012,1,1200,4.2,39
cool1,cool_stuff,01-09-2017,3,299.97,15.93333333,99.99,54,1012,1,1200,4.2,10
cool1,cool_stuff,01-10-2017,2,199.98,16.95,99.99,54,1012,1,1200,4.2,33
cool1,cool_stuff,01-11-2017,4,399.96,16.1875,99.99,54,1012,1,1200,4.2,42
cool1,cool_stuff,01-12-2017,3,299.97,15.26666667,99.99,54,1012,1,1200,4.2,38
cool1,cool_stuff,01-01-2018,3,299.97,16.54,99.99,54,1012,1,1200,4.2,102
cool1,cool_stuff,01-02-2018,1,99.99,13.72,99.99,54,1012,1,1200,4.2,20
cool1,cool_stuff,01-03-2018,2,199.98,20.78,99.99,54,1012,1,1200,4.2,45
cool1,cool_stuff,01-04-2018,3,269.59,19.87666667,89.86333333,54,1012,1,1200,4.2,18
computers4,computers_accessories,01-02-2017,3,479.97,33.4,159.99,59,1893,1,6550,4.2,3
computers4,computers_accessories,01-03-2017,3,479.97,33.4,159.99,59,1893,1,6550,4.2,3
computers4,computers_accessories,01-04-2017,5,699.95,35.122,139.99,59,1893,1,6550,4.2,5
computers4,computers_accessories,01-06-2017,3,479.97,42.03333333,159.99,59,1893,1,6550,4.2,15
computers4,computers_accessories,01-07-2017,6,839.94,48.10833333,139.99,59,1893,1,6550,4.2,17
computers4,computers_accessories,01-08-2017,7,1019.93,36.46,145.7042857,59,1893,1,6550,4.2,15
computers4,computers_accessories,01-09-2017,11,1679.89,43.72272727,151.99,59,1893,1,6550,4.2,15
computers4,computers_accessories,01-10-2017,17,2629.83,43.88117647,154.6958824,59,1893,1,6550,4.2,31
computers4,computers_accessories,01-11-2017,18,2699.82,42.51722222,149.99,59,1893,1,6550,4.2,36
computers4,computers_accessories,01-12-2017,23,3449.77,38.57,149.99,59,1893,1,6550,4.2,35
computers4,computers_accessories,01-01-2018,43,6746.9,36.8072093,156.5113514,59,1893,1,6550,4.2,152
computers4,computers_accessories,01-02-2018,31,4619,41.16322581,149,59,1893,1,6550,4.2,202
computers4,computers_accessories,01-03-2018,44,5986,48.0475,136.1428571,59,1893,1,6550,4.2,127
computers4,computers_accessories,01-04-2018,56,6764,27.25303571,120.9230769,59,1893,1,6550,4.2,107
computers4,computers_accessories,01-05-2018,25,2975,39.2172,119,59,1893,1,6550,4.2,78
computers4,computers_accessories,01-06-2018,27,3086.76,53.62555556,114.4911538,59,1893,1,6550,4.2,66
computers4,computers_accessories,01-07-2018,9,1079.91,48.62666667,119.99,59,1893,1,6550,4.2,43
computers4,computers_accessories,01-08-2018,10,1199.9,39.046,119.99,59,1893,1,6550,4.2,18
watches7,watches_gifts,01-08-2017,2,678,13.845,339,46,501,4,363,3.7,48
watches7,watches_gifts,01-09-2017,1,339,13.94,339,46,501,4,363,3.7,54
watches7,watches_gifts,01-10-2017,10,3461.58,13.455,346.158,46,501,4,363,3.7,43
watches7,watches_gifts,01-11-2017,9,3111.36,14.27555556,345.7066667,46,501,4,363,3.7,91
watches7,watches_gifts,01-12-2017,11,3836.8,16.10272727,348.8,46,501,4,363,3.7,73
watches7,watches_gifts,01-01-2018,1,339.9,17.13,339.9,46,501,4,363,3.7,59
watches7,watches_gifts,01-02-2018,5,1735,17.176,347,46,501,4,363,3.7,90
watches7,watches_gifts,01-03-2018,6,1847,18.22333333,307.8333333,46,501,4,363,3.7,125
watches7,watches_gifts,01-04-2018,6,1684,18.16833333,280.6666667,46,501,4,363,3.7,178
watches7,watches_gifts,01-05-2018,23,5956.3,13.63130435,258.9695652,46,501,4,363,3.7,260
watches7,watches_gifts,01-06-2018,4,983.6,14.795,245.9,46,501,4,363,3.7,93
watches7,watches_gifts,01-07-2018,45,7651.27,17.95355556,169.3493182,46,501,4,363,3.7,122
computers3,computers_accessories,01-05-2017,15,2715.7,18.75466667,178.0571429,42,363,1,922,4.2,11
computers3,computers_accessories,01-06-2017,15,2247.72,21.70066667,149.8525,42,363,1,922,4.2,15
computers3,computers_accessories,01-07-2017,4,584.77,18.27,146.6,42,363,1,922,4.2,17
computers3,computers_accessories,01-08-2017,13,1884.45,19.28538462,144.96,42,363,1,922,4.2,15
computers3,computers_accessories,01-09-2017,12,1656.87,35.9225,138.59,42,363,1,922,4.2,15
computers3,computers_accessories,01-10-2017,16,2206.4,36.021875,137.9,42,363,1,922,4.2,31
computers3,computers_accessories,01-11-2017,18,2482.2,39.39888889,137.9,42,363,1,922,4.2,36
computers3,computers_accessories,01-12-2017,2,269.8,38.78,134.9,42,363,1,922,4.2,35
computers3,computers_accessories,01-01-2018,5,665,38.044,133,42,363,1,922,4.2,152
computers3,computers_accessories,01-02-2018,3,398.91,14.59666667,132.97,42,363,1,922,4.2,202
health4,health_beauty,01-10-2017,1,29.9,11.85,29.9,55,388,1,250,4.5,81
health4,health_beauty,01-11-2017,6,179.4,12.51,29.9,55,388,1,250,4.5,139
health4,health_beauty,01-12-2017,6,179.4,10.115,29.9,55,388,1,250,4.5,112
health4,health_beauty,01-01-2018,15,448.5,9.551333333,29.9,55,388,1,250,4.5,98
health4,health_beauty,01-02-2018,16,478.4,10.09125,29.9,55,388,1,250,4.5,126
health4,health_beauty,01-03-2018,11,328.9,11.43454545,29.9,55,388,1,250,4.5,169
health4,health_beauty,01-04-2018,22,657.8,10.10318182,29.9,55,388,1,250,4.5,118
health4,health_beauty,01-05-2018,22,657.8,9.772727273,29.9,55,388,1,250,4.5,159
health4,health_beauty,01-06-2018,7,209.3,11.50285714,29.9,55,388,1,250,4.5,131
health4,health_beauty,01-07-2018,18,538.2,9.365555556,29.9,55,388,1,250,4.5,113
health4,health_beauty,01-08-2018,13,388.7,9.553076923,29.9,55,388,1,250,4.5,127
watches1,watches_gifts,01-03-2017,5,1205.03,21.318,241.006,35,514,2,4338,3.8,6
watches1,watches_gifts,01-04-2017,3,766.83,21.22666667,255.61,35,514,2,4338,3.8,3
watches1,watches_gifts,01-06-2017,5,925,14.74,185,35,514,2,4338,3.8,17
watches1,watches_gifts,01-07-2017,10,1973.83,16.606,197.383,35,514,2,4338,3.8,29
watches1,watches_gifts,01-08-2017,15,2698.5,14.92666667,179.9,35,514,2,4338,3.8,48
watches1,watches_gifts,01-09-2017,20,3291.4,19.528,164.57,35,514,2,4338,3.8,54
watches1,watches_gifts,01-10-2017,4,929.96,14.2125,232.49,35,514,2,4338,3.8,43
watches1,watches_gifts,01-11-2017,18,3139.8,20.99277778,174.4333333,35,514,2,4338,3.8,91
watches1,watches_gifts,01-12-2017,5,929.8,18.686,185.96,35,514,2,4338,3.8,73
watches1,watches_gifts,01-01-2018,2,398,21.88,199,35,514,2,4338,3.8,59
watches1,watches_gifts,01-02-2018,6,1092,19.33,182,35,514,2,4338,3.8,90
watches1,watches_gifts,01-03-2018,32,4860.11,20.31375,151.8784375,35,514,2,4338,3.8,125
watches1,watches_gifts,01-04-2018,9,1351.2,19.44777778,150.1333333,35,514,2,4338,3.8,178
watches1,watches_gifts,01-05-2018,32,4241,15.7621875,132.53125,35,514,2,4338,3.8,260
watches1,watches_gifts,01-06-2018,15,2073.3,16.108,138.22,35,514,2,4338,3.8,93
watches1,watches_gifts,01-07-2018,2,310,16.47,155,35,514,2,4338,3.8,122
watches1,watches_gifts,01-08-2018,11,1601.06,21.89727273,145.5509091,35,514,2,4338,3.8,61
computers2,computers_accessories,01-11-2017,1,109.9,15.52,109.9,33,256,1,180,3.5,36
computers2,computers_accessories,01-12-2017,12,1318.8,25.24916667,109.9,33,256,1,180,3.5,35
computers2,computers_accessories,01-01-2018,29,2831.55,14.84655172,97.6425,33,256,1,180,3.5,152
computers2,computers_accessories,01-02-2018,71,5581.8,14.53591549,78.7122807,33,256,1,180,3.5,202
computers2,computers_accessories,01-03-2018,27,2187.3,18.22148148,81.02391304,33,256,1,180,3.5,127
computers2,computers_accessories,01-04-2018,13,1042.9,18.17230769,80.66666667,33,256,1,180,3.5,107
computers2,computers_accessories,01-05-2018,11,876.9,14.41454545,79.8,33,256,1,180,3.5,78
computers2,computers_accessories,01-06-2018,10,789,17.328,78.9,33,256,1,180,3.5,66
computers2,computers_accessories,01-07-2018,7,545.3,14.63857143,77.9,33,256,1,180,3.5,43
computers2,computers_accessories,01-08-2018,2,155.8,13.415,77.9,33,256,1,180,3.5,18
bed4,bed_bath_table,01-10-2017,29,1331.1,13.88241379,45.9,38,735,5,800,4.2,50
bed4,bed_bath_table,01-11-2017,32,1421.67,13.95875,44.15444444,38,735,5,800,4.2,97
bed4,bed_bath_table,01-12-2017,12,550.8,13.6875,45.9,38,735,5,800,4.2,41
bed4,bed_bath_table,01-01-2018,19,872.1,14.18210526,45.9,38,735,5,800,4.2,62
bed4,bed_bath_table,01-02-2018,16,734.4,12.1725,45.9,38,735,5,800,4.2,62
bed4,bed_bath_table,01-03-2018,8,383.2,15.22625,47.9,38,735,5,800,4.2,43
bed4,bed_bath_table,01-04-2018,7,335.3,19.08428571,47.9,38,735,5,800,4.2,34
bed4,bed_bath_table,01-05-2018,2,95.8,12.055,47.9,38,735,5,800,4.2,57
bed4,bed_bath_table,01-06-2018,4,191.6,12.6375,47.9,38,735,5,800,4.2,43
bed4,bed_bath_table,01-07-2018,2,95.8,24.69,47.9,38,735,5,800,4.2,26
bed5,bed_bath_table,01-05-2017,1,215,8.76,215,56,162,5,9750,4.4,57
bed5,bed_bath_table,01-06-2017,10,2090,21.322,209,56,162,5,9750,4.4,61
bed5,bed_bath_table,01-07-2017,59,12095,22.1959322,205,56,162,5,9750,4.4,123
bed5,bed_bath_table,01-08-2017,52,10375,19.41288462,199.5098039,56,162,5,9750,4.4,90
bed5,bed_bath_table,01-09-2017,32,5222.36,24.3246875,163.3987097,56,162,5,9750,4.4,54
